TrainMAE,TestMAE,Gamma,LearningRate,MaxDepth,RegAlpha
5.700363486848544,15.993654770510537,4,0.001,12,0.1
5.908703597938224,15.968153937941505,4,0.001,12,0.5
5.8724754859471044,15.972234196606136,4,0.001,12,1
5.947130606126835,16.13730700385003,4,0.001,12,1.5
5.824534062456759,16.06857033996355,4,0.001,12,2
4.432248582849994,15.734934175298328,4,0.001,14,0.1
4.479096004890217,15.811931158815112,4,0.001,14,0.5
4.494135505017422,15.940465948411397,4,0.001,14,1
4.613887345878609,15.895601905527569,4,0.001,14,1.5
4.686132848450814,15.908175264086042,4,0.001,14,2
3.1365173404525133,15.728971330892472,4,0.001,16,0.1
3.095327765282271,15.847651518526531,4,0.001,16,0.5
3.0650146374817777,15.737233519554138,4,0.001,16,1
3.105084758827739,15.729329140413375,4,0.001,16,1.5
3.1207117708448857,15.81065809726715,4,0.001,16,2
2.365347376130482,15.74055035909017,4,0.001,18,0.1
2.432234935579992,15.712037195761999,4,0.001,18,0.5
2.496738983880333,15.710599422454834,4,0.001,18,1
2.5852497868733453,15.996274147714887,4,0.001,18,1.5
2.6326841634906804,15.713259132135482,4,0.001,18,2
2.2463018219804414,15.814327427319117,4,0.001,20,0.1
2.3165707235958046,16.179590296177636,4,0.001,20,0.5
2.330450509875605,16.208680019492196,4,0.001,20,1
2.440608338352007,16.532409037862504,4,0.001,20,1.5
2.496363645472361,16.280462120260513,4,0.001,20,2
2.4498043173745856,15.660876088731346,4,0.005,12,0.1
2.688318804862246,15.816972241515206,4,0.005,12,0.5
2.5479917150190574,15.587709209393887,4,0.005,12,1
2.599510991986994,15.6530319104592,4,0.005,12,1.5
2.7290612905434126,15.61359583870286,4,0.005,12,2
2.307924088118079,15.649055699507395,4,0.005,14,0.1
2.355447226518336,15.651850822426024,4,0.005,14,0.5
2.424696880560192,15.522293289502462,4,0.005,14,1
2.550778612604151,15.543402989705404,4,0.005,14,1.5
2.6487380026768186,15.6320154383069,4,0.005,14,2
2.299137326319762,15.503399274178914,4,0.005,16,0.1
2.333907064453911,15.54218580751192,4,0.005,16,0.5
2.4092715595046803,15.720762173334757,4,0.005,16,1
2.4297789084547827,15.574533561865488,4,0.005,16,1.5
2.520002105258617,15.693289186273303,4,0.005,16,2
2.1777153065277326,15.84605759382248,4,0.005,18,0.1
2.288154793838597,15.76897457951591,4,0.005,18,0.5
2.3733417864979005,15.920963880561647,4,0.005,18,1
2.3958092746173043,15.665736338921956,4,0.005,18,1.5
2.4705401259140514,15.886553392523812,4,0.005,18,2
2.169466462797171,16.27568282967522,4,0.005,20,0.1
2.2104839013828714,16.203740940207528,4,0.005,20,0.5
2.3188733860270583,16.215930405117216,4,0.005,20,1
2.347887486062717,16.01629325889406,4,0.005,20,1.5
2.4360274641797117,16.182256309759047,4,0.005,20,2
2.3742069113768487,15.645111028991995,4,0.01,12,0.1
2.431170509127287,15.665457750182776,4,0.01,12,0.5
2.552841955116244,15.646301913829078,4,0.01,12,1
2.5937995030050147,15.785925776475953,4,0.01,12,1.5
2.678671071582036,15.700486918290457,4,0.01,12,2
2.2897642964945732,15.62311329799039,4,0.01,14,0.1
2.4214465598077304,15.713839544426827,4,0.01,14,0.5
2.4815609833670216,15.547313504275822,4,0.01,14,1
2.5190448319749,15.39759860861869,4,0.01,14,1.5
2.614443981685097,15.498382632221494,4,0.01,14,2
2.2432634717658493,15.535701799960364,4,0.01,16,0.1
2.3231089583957485,15.423502533208756,4,0.01,16,0.5
2.3999211494854946,15.535327619030362,4,0.01,16,1
2.4818155320535573,15.684057170436496,4,0.01,16,1.5
2.543847006452823,15.620354768775758,4,0.01,16,2
2.232133569777576,15.663415673233214,4,0.01,18,0.1
2.2473043753647026,16.0313194280579,4,0.01,18,0.5
2.3238547831052987,15.519169733637856,4,0.01,18,1
2.3967297978456337,15.987746953964233,4,0.01,18,1.5
2.4321485678856307,15.700514926796867,4,0.01,18,2
2.1625768609352796,15.968461306322189,4,0.01,20,0.1
2.2170841458217327,16.290321367127554,4,0.01,20,0.5
2.269819402669632,16.154506862163544,4,0.01,20,1
2.342276570423419,16.0038977095059,4,0.01,20,1.5
2.413726882102236,16.34237956433069,4,0.01,20,2
2.352812473831618,15.535330800428277,4,0.05,12,0.1
2.450971412859254,15.26853536956367,4,0.05,12,0.5
2.5598910438400213,15.420948947469393,4,0.05,12,1
2.5309246111618107,15.419821589830375,4,0.05,12,1.5
2.6692987255493548,15.569265269097828,4,0.05,12,2
2.2468390162685568,15.826507449150085,4,0.05,14,0.1
2.345579556235505,15.405819651626405,4,0.05,14,0.5
2.405792155476399,15.944587349891663,4,0.05,14,1
2.5461199659027636,15.704680518025445,4,0.05,14,1.5
2.637238446470315,15.809538174243201,4,0.05,14,2
2.289188544456891,15.65068469161079,4,0.05,16,0.1
2.2809583798567954,15.642275458290463,4,0.05,16,0.5
2.3570544977920163,15.838867596217565,4,0.05,16,1
2.4338042950404555,15.801243180320377,4,0.05,16,1.5
2.4788236142959756,15.779301291420346,4,0.05,16,2
2.1972303963359345,15.803468340919132,4,0.05,18,0.1
2.231958198622574,15.547299792369207,4,0.05,18,0.5
2.325633957559002,15.857089613165174,4,0.05,18,1
2.3916162384045236,15.770990164507003,4,0.05,18,1.5
2.4337259656372634,15.661671428453355,4,0.05,18,2
2.1646306335487324,15.45540970280057,4,0.05,20,0.1
2.1967672513235756,15.861042289506821,4,0.05,20,0.5
2.2545757248574625,16.259899647462937,4,0.05,20,1
2.320068695943814,16.073312631675176,4,0.05,20,1.5
2.3834369665189996,16.283298004241217,4,0.05,20,2
2.317137282980228,15.070979881499495,4,0.1,12,0.1
2.581751233897124,15.047405120162736,4,0.1,12,0.5
2.409672275013227,15.441300854796456,4,0.1,12,1
2.4929724546887773,15.253240548429035,4,0.1,12,1.5
2.6080042983705938,15.275388388406663,4,0.1,12,2
2.3754002970225176,15.91908018007165,4,0.1,14,0.1
2.325475955485796,15.90565271320797,4,0.1,14,0.5
2.3618830744525736,15.549572718994957,4,0.1,14,1
2.4538816051904337,15.485500804015569,4,0.1,14,1.5
2.5021391845025223,15.443649384237471,4,0.1,14,2
2.1738969344571313,15.822401080812726,4,0.1,16,0.1
2.2747301669276223,15.904153443518139,4,0.1,16,0.5
2.375298103950252,15.382816402685075,4,0.1,16,1
2.3955406555994077,15.852348404271263,4,0.1,16,1.5
2.4282790438735273,15.713286967504592,4,0.1,16,2
2.220880775672279,15.637653867403666,4,0.1,18,0.1
2.177234153266209,15.795108261562529,4,0.1,18,0.5
2.2690808494760413,15.450323133241563,4,0.1,18,1
2.366991306830405,15.910632093747457,4,0.1,18,1.5
2.418844461691743,15.615178789411273,4,0.1,18,2
2.1257923313746567,15.649195120448159,4,0.1,20,0.1
2.1596759290725274,15.893426432496025,4,0.1,20,0.5
2.26086657731691,16.152509127344405,4,0.1,20,1
2.322292004473954,15.709041782787867,4,0.1,20,1.5
2.371216752927762,15.910663105192638,4,0.1,20,2
2.2475963938750176,17.029902074308623,4,0.5,12,0.1
2.161010653940034,16.481434572310675,4,0.5,12,0.5
2.2617366557116263,16.533396976334707,4,0.5,12,1
2.385578136464148,16.744676071973075,4,0.5,12,1.5
2.3819208563815657,16.722443254221055,4,0.5,12,2
2.116289239451211,16.701685384448087,4,0.5,14,0.1
2.255198824042151,17.29825117758342,4,0.5,14,0.5
2.2174411436736774,17.163962772914342,4,0.5,14,1
2.303523301827544,17.41062750277065,4,0.5,14,1.5
2.4217110583960193,17.437876071248734,4,0.5,14,2
2.025287073242677,18.372150883788155,4,0.5,16,0.1
2.133532585280425,18.078900683493842,4,0.5,16,0.5
2.2836337861703897,17.850808325267973,4,0.5,16,1
2.3840202914176802,17.080728614614124,4,0.5,16,1.5
2.350727903604758,16.73320853426343,4,0.5,16,2
2.007814166046969,17.571393516801653,4,0.5,18,0.1
2.12389421488083,16.863548982711066,4,0.5,18,0.5
2.232862529945173,17.241727857362655,4,0.5,18,1
2.2866555200390257,17.421241970289323,4,0.5,18,1.5
2.3548278985339386,17.528353952226183,4,0.5,18,2
2.022201505243841,18.1651159851324,4,0.5,20,0.1
2.0907280510281665,17.75889974548703,4,0.5,20,0.5
2.135282835875149,17.68935650587082,4,0.5,20,1
2.2703590723994402,17.89380418402808,4,0.5,20,1.5
2.291451016184409,17.04832821232932,4,0.5,20,2
5.828780362784047,16.02036096510433,4.5,0.001,12,0.1
5.8701270606866265,15.907838547513599,4.5,0.001,12,0.5
5.809430273298711,16.048332962251845,4.5,0.001,12,1
5.959053131809496,16.108451464346476,4.5,0.001,12,1.5
5.82359869146698,16.213826416503814,4.5,0.001,12,2
4.4332765121439905,15.767590742735635,4.5,0.001,14,0.1
4.489581605738771,15.885592024950753,4.5,0.001,14,0.5
4.51866620120942,15.91770262945266,4.5,0.001,14,1
4.630364584998001,15.970476176057543,4.5,0.001,14,1.5
4.648910786701928,15.747318117391496,4.5,0.001,14,2
3.160134858012074,15.816450996058327,4.5,0.001,16,0.1
3.075153094110178,15.74971673318318,4.5,0.001,16,0.5
3.132713969197559,15.713710872899918,4.5,0.001,16,1
3.2353231139739607,15.727331064996266,4.5,0.001,16,1.5
3.004556073249953,15.835656041190738,4.5,0.001,16,2
2.4612544813868125,15.733970400832948,4.5,0.001,18,0.1
2.4710173754787346,15.86386546918324,4.5,0.001,18,0.5
2.519840967266592,15.924302850450788,4.5,0.001,18,1
2.5640859536192018,15.921508803254081,4.5,0.001,18,1.5
2.7057459193950697,15.757921128045945,4.5,0.001,18,2
2.2693436625878767,15.953708708286285,4.5,0.001,20,0.1
2.3745919860875944,16.154066139743442,4.5,0.001,20,0.5
2.4186906789504894,16.147498071193695,4.5,0.001,20,1
2.4713942775214885,16.269230436711084,4.5,0.001,20,1.5
2.5132888993003517,16.29442404565357,4.5,0.001,20,2
2.441197194260879,15.493773648781437,4.5,0.005,12,0.1
2.481761619934399,15.46871979570105,4.5,0.005,12,0.5
2.739697474410481,15.761571354099683,4.5,0.005,12,1
2.697223040897137,15.529973584626402,4.5,0.005,12,1.5
2.7690885782743226,15.50254341356811,4.5,0.005,12,2
2.376527218036471,15.700192189642362,4.5,0.005,14,0.1
2.424326200089119,15.72317823058083,4.5,0.005,14,0.5
2.5995312900322594,15.5035458391621,4.5,0.005,14,1
2.5464847013902716,15.491998153073448,4.5,0.005,14,1.5
2.6668308459371173,15.55475275857108,4.5,0.005,14,2
2.2771542475928017,15.508874725727807,4.5,0.005,16,0.1
2.4110568320588235,15.567541668812433,4.5,0.005,16,0.5
2.49382031565585,15.5898462221736,4.5,0.005,16,1
2.5408860689458033,15.501474353529158,4.5,0.005,16,1.5
2.5569495378859286,15.643476124320712,4.5,0.005,16,2
2.268715352039357,15.679909467697144,4.5,0.005,18,0.1
2.3266478645312674,15.884365635258812,4.5,0.005,18,0.5
2.3731562190000695,15.787422367504664,4.5,0.005,18,1
2.4544297953133327,15.884200240884509,4.5,0.005,18,1.5
2.5132747617805795,15.860168875682922,4.5,0.005,18,2
2.189027800670307,16.33199141990571,4.5,0.005,20,0.1
2.2730027176478935,16.021290631521317,4.5,0.005,20,0.5
2.3133917203335606,16.430918125879195,4.5,0.005,20,1
2.411407131501929,16.122195618493215,4.5,0.005,20,1.5
2.452437665058862,16.335070573148272,4.5,0.005,20,2
2.417938036246756,15.797984910153207,4.5,0.01,12,0.1
2.48875473225029,15.6032347040517,4.5,0.01,12,0.5
2.533042499382288,15.700643501466228,4.5,0.01,12,1
2.6418771085678965,15.572735132206054,4.5,0.01,12,1.5
2.8786442924122455,15.696909696573304,4.5,0.01,12,2
2.3238268067784116,15.470329329371452,4.5,0.01,14,0.1
2.48511468348819,15.673490277358464,4.5,0.01,14,0.5
2.491479336400639,15.596989207324528,4.5,0.01,14,1
2.6095920956598597,15.41805857845715,4.5,0.01,14,1.5
2.6485960511128357,15.726106002217247,4.5,0.01,14,2
2.359335423267978,15.671906486863183,4.5,0.01,16,0.1
2.5495655432609854,15.593346158663431,4.5,0.01,16,0.5
2.452180688062802,15.647468359697433,4.5,0.01,16,1
2.5046021208778164,15.587477422895885,4.5,0.01,16,1.5
2.638233185441211,15.786995876403083,4.5,0.01,16,2
2.236687177613957,15.70298247110276,4.5,0.01,18,0.1
2.3296402745442437,15.85434101309095,4.5,0.01,18,0.5
2.387892477269178,15.839300047783624,4.5,0.01,18,1
2.437934237198373,15.916259112812224,4.5,0.01,18,1.5
2.4857004720455214,15.906341163885026,4.5,0.01,18,2
2.2123880080494844,16.068916530836198,4.5,0.01,20,0.1
2.263077236500448,16.171984397229693,4.5,0.01,20,0.5
2.303727078262313,16.107315767379035,4.5,0.01,20,1
2.369720151998518,16.216795807793027,4.5,0.01,20,1.5
2.4276523884663948,16.121681119714463,4.5,0.01,20,2
2.3527031441216213,15.288422594467798,4.5,0.05,12,0.1
2.4394864233761053,15.62778994423293,4.5,0.05,12,0.5
2.565272330360332,15.388315065985633,4.5,0.05,12,1
2.6554272963296226,15.479625303475629,4.5,0.05,12,1.5
2.717649242604694,15.575300416243929,4.5,0.05,12,2
2.3538681261170926,15.392094670307069,4.5,0.05,14,0.1
2.5101192235695953,15.939588746854238,4.5,0.05,14,0.5
2.527935196423255,15.768845721369697,4.5,0.05,14,1
2.5880673567203316,15.755347649256388,4.5,0.05,14,1.5
2.662332710031455,15.756883172761826,4.5,0.05,14,2
2.269005945553664,15.515396907216026,4.5,0.05,16,0.1
2.3117538585271746,15.515555063883463,4.5,0.05,16,0.5
2.386877371435035,15.627294228190468,4.5,0.05,16,1
2.448998020525109,15.613143918060121,4.5,0.05,16,1.5
2.519673918323938,15.686293942587715,4.5,0.05,16,2
2.223380791401387,15.724380345571609,4.5,0.05,18,0.1
2.3165901779000317,15.668384969234467,4.5,0.05,18,0.5
2.358191038782539,15.555392770540147,4.5,0.05,18,1
2.429631482664844,15.679770608743032,4.5,0.05,18,1.5
2.4830495186784667,15.510734884511857,4.5,0.05,18,2
2.2275972197108462,15.702484860306694,4.5,0.05,20,0.1
2.263935311860968,16.077790986923944,4.5,0.05,20,0.5
2.2602744363209175,16.41825436978113,4.5,0.05,20,1
2.4063985311395863,15.837676269667488,4.5,0.05,20,1.5
2.4193081947280533,16.14433052993956,4.5,0.05,20,2
2.3270807752599225,15.323372345595132,4.5,0.1,12,0.1
2.438950767276415,15.15473877906888,4.5,0.1,12,0.5
2.5890146279560655,16.067319103649684,4.5,0.1,12,1
2.600112061144551,15.582369238138199,4.5,0.1,12,1.5
2.7423804135979415,15.442816676838058,4.5,0.1,12,2
2.2941425582462553,15.706053553592591,4.5,0.1,14,0.1
2.477210347710097,15.821578942594074,4.5,0.1,14,0.5
2.448518999743537,15.469841142495474,4.5,0.1,14,1
2.532583939665625,15.630296020280747,4.5,0.1,14,1.5
2.6978572091845683,15.905553000313896,4.5,0.1,14,2
2.245575169283509,15.88397767572176,4.5,0.1,16,0.1
2.4073752905668147,15.672022862093788,4.5,0.1,16,0.5
2.4336715511719134,15.654394916125707,4.5,0.1,16,1
2.4290926578042384,15.868244290351868,4.5,0.1,16,1.5
2.490854515011504,15.914726157983145,4.5,0.1,16,2
2.2424794090784435,15.756582935651144,4.5,0.1,18,0.1
2.248507500572285,15.57875432854607,4.5,0.1,18,0.5
2.326286864957599,15.84524192696526,4.5,0.1,18,1
2.4140139486010015,15.500953379131499,4.5,0.1,18,1.5
2.488622103830492,16.13354947737285,4.5,0.1,18,2
2.151170840398746,15.95933557833944,4.5,0.1,20,0.1
2.230916849571573,15.89881667352858,4.5,0.1,20,0.5
2.328482407249988,16.239891588687897,4.5,0.1,20,1
2.3460510265939996,15.618680911404747,4.5,0.1,20,1.5
2.42529280479022,15.79458315031869,4.5,0.1,20,2
2.266688064007102,16.651731930318334,4.5,0.5,12,0.1
2.2688107979410455,16.592169848226366,4.5,0.5,12,0.5
2.3621603864725955,16.56725747954278,4.5,0.5,12,1
2.490345927443038,16.40998596520651,4.5,0.5,12,1.5
2.3798175700455433,16.54505187556857,4.5,0.5,12,2
2.1685055989446953,16.602765108148258,4.5,0.5,14,0.1
2.1945507511355524,17.51906089271818,4.5,0.5,14,0.5
2.2619445263775364,17.403902976285842,4.5,0.5,14,1
2.3933411290718305,17.119375400599978,4.5,0.5,14,1.5
2.4283520902118223,17.81320116207713,4.5,0.5,14,2
2.118769247637186,18.48616100776763,4.5,0.5,16,0.1
2.1808817599724772,18.287777682145435,4.5,0.5,16,0.5
2.2511820036028714,17.770143341450463,4.5,0.5,16,1
2.3861036776994933,17.160541270460403,4.5,0.5,16,1.5
2.4483731718093438,16.908473996889022,4.5,0.5,16,2
2.125994834238046,17.80316080507778,4.5,0.5,18,0.1
2.2501517051652655,16.771468977133434,4.5,0.5,18,0.5
2.249578012652954,17.17129423504784,4.5,0.5,18,1
2.2502920895846232,17.383929144768487,4.5,0.5,18,1.5
2.3656789246167045,17.26130309842882,4.5,0.5,18,2
2.1189841482040133,18.18787498985018,4.5,0.5,20,0.1
2.139734544964619,17.61868158976237,4.5,0.5,20,0.5
2.209347746161632,17.37376783291499,4.5,0.5,20,1
2.2794090281274917,17.42608100459689,4.5,0.5,20,1.5
2.3725265438749714,17.34802878470648,4.5,0.5,20,2
5.766969751233684,15.989294533218656,5,0.001,12,0.1
5.852058737811982,15.971647674129123,5,0.001,12,0.5
5.9608466973690835,15.985930488223122,5,0.001,12,1
5.9464718598547295,16.12413437593551,5,0.001,12,1.5
5.927054227714659,16.07645713999158,5,0.001,12,2
4.38142415125914,15.774302740891775,5,0.001,14,0.1
4.540758777742757,15.815206310578755,5,0.001,14,0.5
4.6320118598256075,15.953148194721766,5,0.001,14,1
4.671060096703618,15.920906024319786,5,0.001,14,1.5
4.64929747506271,15.964275172778539,5,0.001,14,2
3.1217708197803278,15.75558208993503,5,0.001,16,0.1
3.1345769643282164,15.684999843438467,5,0.001,16,0.5
3.221202371373663,15.756781646183558,5,0.001,16,1
3.1958657320114843,15.825450074105035,5,0.001,16,1.5
3.3008671589078213,15.87240006810143,5,0.001,16,2
2.446615192290987,15.898167593138558,5,0.001,18,0.1
2.486611978614117,15.749051925681886,5,0.001,18,0.5
2.598075012052598,15.904155699979691,5,0.001,18,1
2.5802852240019916,15.817115928445544,5,0.001,18,1.5
2.7111255910745053,15.81902832928158,5,0.001,18,2
2.3291010348954786,16.01552919830595,5,0.001,20,0.1
2.37952286612975,16.359167280651274,5,0.001,20,0.5
2.4280173915167085,16.226731598377228,5,0.001,20,1
2.5439007682128407,16.13821092106047,5,0.001,20,1.5
2.555878069122507,16.318897871744063,5,0.001,20,2
2.5655326738906585,15.622040706731024,5,0.005,12,0.1
2.648088783683837,15.57551817312127,5,0.005,12,0.5
2.683031866665769,15.72216957594667,5,0.005,12,1
2.749758570978945,15.38776338455223,5,0.005,12,1.5
2.7453171176489217,15.630581871384667,5,0.005,12,2
2.4888722897829445,15.435089937278203,5,0.005,14,0.1
2.524223876049591,15.716869782833825,5,0.005,14,0.5
2.611025897486353,15.745686760970525,5,0.005,14,1
2.6479385682586365,15.531202713648478,5,0.005,14,1.5
2.7479836570978415,15.66322952792758,5,0.005,14,2
2.3549344330305306,15.386984984079996,5,0.005,16,0.1
2.382327154858506,15.67421252812658,5,0.005,16,0.5
2.522386171840343,15.684979926972161,5,0.005,16,1
2.5883182252117765,15.66951865241641,5,0.005,16,1.5
2.6226635054458955,15.68538574945359,5,0.005,16,2
2.317494749270779,15.926006246180762,5,0.005,18,0.1
2.4172034306230357,15.694296249321528,5,0.005,18,0.5
2.406657200506433,15.756100319680714,5,0.005,18,1
2.4763406051320858,15.823750606604985,5,0.005,18,1.5
2.5451800250355254,15.763574463980538,5,0.005,18,2
2.2520404600319925,16.110065037295932,5,0.005,20,0.1
2.3099899630441274,16.1758565732411,5,0.005,20,0.5
2.3877981713141554,16.351262120973495,5,0.005,20,1
2.457748469118064,15.985081888380504,5,0.005,20,1.5
2.5134612242882186,16.19634117398943,5,0.005,20,2
2.62033994697998,15.76505781568232,5,0.01,12,0.1
2.523153356886562,15.729434229433537,5,0.01,12,0.5
2.6699754961156192,15.56046941007177,5,0.01,12,1
2.896626948432842,15.672154414511862,5,0.01,12,1.5
2.790382092182067,15.865939810162498,5,0.01,12,2
2.367371672460835,15.757487495740255,5,0.01,14,0.1
2.706680083500474,15.663867872385751,5,0.01,14,0.5
2.572932658260678,15.597475903374809,5,0.01,14,1
2.6034376794231426,15.317111750443777,5,0.01,14,1.5
2.807314367825802,15.397509205909003,5,0.01,14,2
2.3687734621431047,15.584016849597296,5,0.01,16,0.1
2.513362583051094,15.538766179765974,5,0.01,16,0.5
2.5375477592025018,15.638285154388065,5,0.01,16,1
2.593236379192204,15.522311202117375,5,0.01,16,1.5
2.6133799690804147,15.759673220770699,5,0.01,16,2
2.2791748563323235,15.69930670942579,5,0.01,18,0.1
2.359691586028138,15.808732994965144,5,0.01,18,0.5
2.433214959285989,15.79219704298746,5,0.01,18,1
2.469410194583496,15.80380266904831,5,0.01,18,1.5
2.573561565858458,15.919599547272636,5,0.01,18,2
2.2267040427926963,15.941170042469388,5,0.01,20,0.1
2.2868040721123153,16.154166213103704,5,0.01,20,0.5
2.4163519909955977,15.978646230129968,5,0.01,20,1
2.427215321833654,16.289327476705825,5,0.01,20,1.5
2.50557724772693,16.088407039642334,5,0.01,20,2
2.3880831003189087,15.606505082476707,5,0.05,12,0.1
2.455847235758849,15.462175198608922,5,0.05,12,0.5
2.584611710877825,15.448776546688308,5,0.05,12,1
2.667540040740706,15.657608297609148,5,0.05,12,1.5
2.7296383876028374,15.408341867583138,5,0.05,12,2
2.433573692002883,15.595630303734826,5,0.05,14,0.1
2.4877235672576696,15.541594547884804,5,0.05,14,0.5
2.4750664077471987,15.755253225564957,5,0.05,14,1
2.727396211162852,15.981522310347785,5,0.05,14,1.5
2.6791691515598637,15.678394837038857,5,0.05,14,2
2.3166187116651002,15.486547508410045,5,0.05,16,0.1
2.401227523225088,15.665883319718498,5,0.05,16,0.5
2.443907421344713,15.568592378071376,5,0.05,16,1
2.503033427660648,15.887309962794895,5,0.05,16,1.5
2.573189358982002,15.895450975213732,5,0.05,16,2
2.259896488721188,15.780014811527161,5,0.05,18,0.1
2.370875438054403,15.88884502791223,5,0.05,18,0.5
2.420639246044099,15.806938148680187,5,0.05,18,1
2.455024011754338,15.63295309600376,5,0.05,18,1.5
2.4947371064175066,15.603251743884314,5,0.05,18,2
2.1968051912155313,15.747702138764518,5,0.05,20,0.1
2.3349632996239245,16.126398875599815,5,0.05,20,0.5
2.35856148472093,16.300745708601816,5,0.05,20,1
2.4592859711180726,16.31885400272551,5,0.05,20,1.5
2.4647746696582478,16.398055269604637,5,0.05,20,2
2.4393028915868573,15.033243509985152,5,0.1,12,0.1
2.4985410618105144,15.368920922634148,5,0.1,12,0.5
2.535969441997516,15.85754510192644,5,0.1,12,1
2.566833728620808,15.69935693769228,5,0.1,12,1.5
2.639221106292572,15.556471281108402,5,0.1,12,2
2.5333235896849606,15.698254846036434,5,0.1,14,0.1
2.5024568343889575,15.76932827915464,5,0.1,14,0.5
2.4105014387365395,15.477565600758506,5,0.1,14,1
2.598661001548406,15.374225914478302,5,0.1,14,1.5
2.5840119079585833,15.686251663026356,5,0.1,14,2
2.2951231930408817,16.005706419547398,5,0.1,16,0.1
2.3575497574861366,15.950081317197709,5,0.1,16,0.5
2.403501362203925,15.777447967302232,5,0.1,16,1
2.4910216105849208,15.708745033968063,5,0.1,16,1.5
2.6451067913217874,15.772412677605947,5,0.1,16,2
2.2411174358002897,15.578488520213536,5,0.1,18,0.1
2.2780592714825136,15.835992952187857,5,0.1,18,0.5
2.3518201841039486,15.895732726369586,5,0.1,18,1
2.436710738734617,15.64780034337725,5,0.1,18,1.5
2.499630117767366,15.966455326193856,5,0.1,18,2
2.2015371959417527,15.798799903619857,5,0.1,20,0.1
2.295101045434031,15.826439108167376,5,0.1,20,0.5
2.3579588086823184,16.038329033624557,5,0.1,20,1
2.431732669112309,15.849554711864108,5,0.1,20,1.5
2.4324322599216464,15.921656330426535,5,0.1,20,2
2.2421327067850516,16.77611372655346,5,0.5,12,0.1
2.324262402411139,16.75913366817293,5,0.5,12,0.5
2.32355445266146,16.572641091687338,5,0.5,12,1
2.422755241644746,16.313481259913672,5,0.5,12,1.5
2.5474258286469116,16.345241386265982,5,0.5,12,2
2.1481740055400116,16.527722691851004,5,0.5,14,0.1
2.23844804272416,17.310786184810457,5,0.5,14,0.5
2.3313424569700545,17.126653285253617,5,0.5,14,1
2.38372902188266,17.284674218722753,5,0.5,14,1.5
2.4235736594215176,17.12620609005292,5,0.5,14,2
2.1069129919780165,18.167983128910972,5,0.5,16,0.1
2.3351022788528137,17.866459670520964,5,0.5,16,0.5
2.320342583485833,17.726837016287305,5,0.5,16,1
2.4096565768044327,17.337649984019144,5,0.5,16,1.5
2.454860401705111,16.995665405477798,5,0.5,16,2
2.1849064508885867,17.065151137965067,5,0.5,18,0.1
2.2179252075973497,16.73947014695122,5,0.5,18,0.5
2.307018216601431,16.937615542184737,5,0.5,18,1
2.3987083507762472,17.408910830815632,5,0.5,18,1.5
2.4301497432335695,16.957668182395754,5,0.5,18,2
2.12958554840489,18.173978723230817,5,0.5,20,0.1
2.1643427147850254,17.606707402638026,5,0.5,20,0.5
2.264095177535128,17.686755481220427,5,0.5,20,1
2.3168241012484994,17.247660605680373,5,0.5,20,1.5
2.4044855114789416,17.55207618077596,5,0.5,20,2
5.749396302847957,16.0433031895331,5.5,0.001,12,0.1
5.792531663812423,15.97445199745042,5.5,0.001,12,0.5
5.842297306822928,15.931143557741528,5.5,0.001,12,1
5.961082277739211,16.151426563660305,5.5,0.001,12,1.5
5.818967052564009,16.116685668627422,5.5,0.001,12,2
4.451357154063998,15.881037604241143,5.5,0.001,14,0.1
4.51056059828316,15.67248214142663,5.5,0.001,14,0.5
4.607984674716472,15.852766451381502,5.5,0.001,14,1
4.658476286882106,15.945823733295713,5.5,0.001,14,1.5
4.63482018274213,15.910146066120692,5.5,0.001,14,2
3.1266043276440834,15.739693681399027,5.5,0.001,16,0.1
3.1374486385209077,15.793097217877706,5.5,0.001,16,0.5
3.2790202624414246,15.892463882764181,5.5,0.001,16,1
3.1957409242726276,15.771528859933218,5.5,0.001,16,1.5
3.2460898638523714,15.82409550746282,5.5,0.001,16,2
2.4979090500078494,15.978482833930425,5.5,0.001,18,0.1
2.5597411856666348,15.775101057120732,5.5,0.001,18,0.5
2.619435755236292,15.876124682880583,5.5,0.001,18,1
2.694390723131182,16.05580919129508,5.5,0.001,18,1.5
2.752730098432547,15.700785049370356,5.5,0.001,18,2
2.3765994697715205,16.132524183818273,5.5,0.001,20,0.1
2.3910945292903047,16.271665505000524,5.5,0.001,20,0.5
2.492100394361277,16.222454422996158,5.5,0.001,20,1
2.539347619413703,16.243177132947103,5.5,0.001,20,1.5
2.5948570138147073,16.443192320210592,5.5,0.001,20,2
2.7011229893511906,15.54751236719035,5.5,0.005,12,0.1
2.5468952651404932,15.667868635484151,5.5,0.005,12,0.5
2.815714018515357,15.55694593418212,5.5,0.005,12,1
2.7124820770274702,15.456935848863353,5.5,0.005,12,1.5
2.797779671275904,15.754975420378504,5.5,0.005,12,2
2.4529001640095194,15.795706125951948,5.5,0.005,14,0.1
2.6886783645230765,15.693646778663,5.5,0.005,14,0.5
2.6151021344177856,15.781491533631371,5.5,0.005,14,1
2.72666283185299,15.56836022223745,5.5,0.005,14,1.5
2.760708285807059,15.4447375975904,5.5,0.005,14,2
2.396698163009467,15.559833994933538,5.5,0.005,16,0.1
2.5466956028050807,15.73153306614785,5.5,0.005,16,0.5
2.5056891338556975,15.661250122955867,5.5,0.005,16,1
2.6401619266887066,15.711787416821434,5.5,0.005,16,1.5
2.670145127800862,15.654276229086376,5.5,0.005,16,2
2.3719108393014294,15.732270751680646,5.5,0.005,18,0.1
2.440054107288958,15.860690534114838,5.5,0.005,18,0.5
2.4959602798447875,15.756413476807731,5.5,0.005,18,1
2.5322957337216,15.949030619292031,5.5,0.005,18,1.5
2.5954950565294013,15.902162923699333,5.5,0.005,18,2
2.2985472616462426,16.085421536649978,5.5,0.005,20,0.1
2.3663238972644827,16.126338927518752,5.5,0.005,20,0.5
2.3997756949734614,16.2705131542115,5.5,0.005,20,1
2.4832977887583834,16.272229012988863,5.5,0.005,20,1.5
2.538996396380644,16.2047581246921,5.5,0.005,20,2
2.548399194244581,15.645185238548688,5.5,0.01,12,0.1
2.6897485911783483,15.669297007222971,5.5,0.01,12,0.5
2.610497597138839,15.603734525896254,5.5,0.01,12,1
2.807823945921929,15.509049932161966,5.5,0.01,12,1.5
2.8852116294463728,15.473379404062317,5.5,0.01,12,2
2.4447831352927833,15.852095580526761,5.5,0.01,14,0.1
2.5257480806356725,15.593673476860637,5.5,0.01,14,0.5
2.632853778754875,15.55021563456172,5.5,0.01,14,1
2.6824691205997446,15.373419751723608,5.5,0.01,14,1.5
2.799237119411946,15.669984048321133,5.5,0.01,14,2
2.5008272336233803,15.674125455674671,5.5,0.01,16,0.1
2.489567005045156,15.766614894072214,5.5,0.01,16,0.5
2.520619597971502,15.708880952426366,5.5,0.01,16,1
2.6092872749994482,15.725041545572735,5.5,0.01,16,1.5
2.7134345579347903,15.611207573186784,5.5,0.01,16,2
2.3605730956034456,15.805652682270322,5.5,0.01,18,0.1
2.3973856130232947,15.830548533371516,5.5,0.01,18,0.5
2.518764185855316,15.773400326569876,5.5,0.01,18,1
2.5352918505041884,15.773461631366185,5.5,0.01,18,1.5
2.638908443892165,15.639067278021859,5.5,0.01,18,2
2.256415874674744,16.125429357801163,5.5,0.01,20,0.1
2.346623886020151,16.327871773924148,5.5,0.01,20,0.5
2.3863660742682486,16.002642509483156,5.5,0.01,20,1
2.4488516124641104,16.146533568700153,5.5,0.01,20,1.5
2.5592496306111507,16.194364306472597,5.5,0.01,20,2
2.5293800918587124,15.606417081895328,5.5,0.05,12,0.1
2.5644616529141815,15.688387531609763,5.5,0.05,12,0.5
2.7015839996272706,15.494354485046296,5.5,0.05,12,1
2.6345466159746347,15.421549404128676,5.5,0.05,12,1.5
2.759362497164248,15.299827241826625,5.5,0.05,12,2
2.392734171714943,15.596109368971415,5.5,0.05,14,0.1
2.4110150748372203,15.51418817327136,5.5,0.05,14,0.5
2.6459722601652897,15.632795927070436,5.5,0.05,14,1
2.6830812523417666,15.789039833205086,5.5,0.05,14,1.5
2.7039959010767007,15.7600451367242,5.5,0.05,14,2
2.3929088768773523,15.447910034940357,5.5,0.05,16,0.1
2.3646273599187406,15.567598235039483,5.5,0.05,16,0.5
2.493871304389681,15.6776073603403,5.5,0.05,16,1
2.6207710241293682,15.72757077217102,5.5,0.05,16,1.5
2.6641831052040077,16.051794526122865,5.5,0.05,16,2
2.324776283950084,15.697893640824727,5.5,0.05,18,0.1
2.395153562729291,15.5212790284838,5.5,0.05,18,0.5
2.500356152982742,15.601889451344809,5.5,0.05,18,1
2.5264843058009503,15.677500264985222,5.5,0.05,18,1.5
2.5999000140169066,15.743739465872446,5.5,0.05,18,2
2.258273141993333,15.768187772660028,5.5,0.05,20,0.1
2.3332401433828376,16.18182075023651,5.5,0.05,20,0.5
2.3952818015897814,16.271844503425417,5.5,0.05,20,1
2.434443546770499,16.064839902378264,5.5,0.05,20,1.5
2.512284172446194,16.239158420335677,5.5,0.05,20,2
2.475941308539999,15.025882613091241,5.5,0.1,12,0.1
2.8940755721773135,15.097826323338918,5.5,0.1,12,0.5
2.62634714168705,15.944813420375189,5.5,0.1,12,1
2.7221981721972317,15.459597691183998,5.5,0.1,12,1.5
2.9141124809076606,15.57125748764901,5.5,0.1,12,2
2.4598429260695145,15.61777020636059,5.5,0.1,14,0.1
2.4988731279984884,15.65703421831131,5.5,0.1,14,0.5
2.5104774304368895,15.502571223747163,5.5,0.1,14,1
2.595299892245031,15.22899683884212,5.5,0.1,14,1.5
2.637499432834541,15.79740575949351,5.5,0.1,14,2
2.3708310992810504,15.78746115735599,5.5,0.1,16,0.1
2.423062708600964,15.73623575199218,5.5,0.1,16,0.5
2.4594971154014393,15.917621015083222,5.5,0.1,16,1
2.573969568238524,15.784676097688221,5.5,0.1,16,1.5
2.5428708269016975,15.92769156467347,5.5,0.1,16,2
2.3000995989979005,15.621884260858808,5.5,0.1,18,0.1
2.378282131832857,15.660567578815279,5.5,0.1,18,0.5
2.423141418320649,15.807701633090065,5.5,0.1,18,1
2.491177141729088,15.820225295566377,5.5,0.1,18,1.5
2.5384011850246746,15.849815890902565,5.5,0.1,18,2
2.279595786715406,15.964317580064138,5.5,0.1,20,0.1
2.3342987054530004,15.906760414441427,5.5,0.1,20,0.5
2.371701242043769,16.330414508070266,5.5,0.1,20,1
2.4105307792639508,15.720902468476977,5.5,0.1,20,1.5
2.507116669736074,16.088359886691684,5.5,0.1,20,2
2.2537402283756767,16.893426438172657,5.5,0.5,12,0.1
2.352582166874321,17.011238135042646,5.5,0.5,12,0.5
2.374751137132775,17.01520763266654,5.5,0.5,12,1
2.492729519443933,16.746813489656365,5.5,0.5,12,1.5
2.6926743991743503,16.31392022557113,5.5,0.5,12,2
2.2515071318352637,16.64000081448328,5.5,0.5,14,0.1
2.3007442607739246,17.6069550826436,5.5,0.5,14,0.5
2.3519785617302897,16.766550938288372,5.5,0.5,14,1
2.4278632082773686,17.041572687171755,5.5,0.5,14,1.5
2.592263694065226,17.229747924776305,5.5,0.5,14,2
2.20219030540699,18.018654323759534,5.5,0.5,16,0.1
2.3349728900175366,17.746149815264204,5.5,0.5,16,0.5
2.37736572527359,17.68838204088665,5.5,0.5,16,1
2.4124773467502134,17.347553302844364,5.5,0.5,16,1.5
2.4593305517571706,17.200484014692762,5.5,0.5,16,2
2.206629178000048,17.925314707415446,5.5,0.5,18,0.1
2.3285289327178216,16.866717923255194,5.5,0.5,18,0.5
2.3178455761930543,16.97249856165477,5.5,0.5,18,1
2.4080643864460174,17.339368595963432,5.5,0.5,18,1.5
2.4635797090961606,17.157982975244522,5.5,0.5,18,2
2.085136728081167,18.151125746113912,5.5,0.5,20,0.1
2.15904287948468,17.658421229748498,5.5,0.5,20,0.5
2.3060346557264197,17.366735251176927,5.5,0.5,20,1
2.3222083413638526,17.322140327521733,5.5,0.5,20,1.5
2.3950784927161584,17.516162673632305,5.5,0.5,20,2
5.784016164444724,15.983914456197194,6,0.001,12,0.1
5.750884223310228,15.91837589513688,6,0.001,12,0.5
5.8457865396634014,16.08746630379132,6,0.001,12,1
5.965353676949389,16.21809221733184,6,0.001,12,1.5
5.8572119613551195,16.13885702547573,6,0.001,12,2
4.452749227249033,15.873861148243858,6,0.001,14,0.1
4.578850402190231,15.872463493120103,6,0.001,14,0.5
4.619981912909747,15.98334171374639,6,0.001,14,1
4.576220875909526,15.722269177436829,6,0.001,14,1.5
4.714222623472083,15.905950245403108,6,0.001,14,2
3.163970564692805,15.786393571467627,6,0.001,16,0.1
3.2372843246480016,15.756071215584164,6,0.001,16,0.5
3.2201466012577655,15.746512816065835,6,0.001,16,1
3.278329182623814,15.80280666975748,6,0.001,16,1.5
3.223911416518074,15.882216504641942,6,0.001,16,2
2.5241487602831563,15.962713023026785,6,0.001,18,0.1
2.587998319248797,16.008081788108463,6,0.001,18,0.5
2.6106583608312435,15.906175721259345,6,0.001,18,1
2.6769976839031457,15.857276981785184,6,0.001,18,1.5
2.7804088133742755,15.888850158169156,6,0.001,18,2
2.367961116644361,16.12462389185315,6,0.001,20,0.1
2.456273313701842,16.239291330178578,6,0.001,20,0.5
2.5009879025500403,16.17505525407337,6,0.001,20,1
2.563151974532632,16.37347014177413,6,0.001,20,1.5
2.6252274763947656,16.29545041493007,6,0.001,20,2
2.8255427724492788,15.675828807111387,6,0.005,12,0.1
2.771773034403126,15.713697842189244,6,0.005,12,0.5
2.697840212146065,15.433680397414026,6,0.005,12,1
2.930637303273635,15.679350263306073,6,0.005,12,1.5
2.9175507737133657,15.627867200899692,6,0.005,12,2
2.5646560924160995,15.5691689877283,6,0.005,14,0.1
2.5395235229365833,15.658426401161012,6,0.005,14,0.5
2.6013648753161185,15.428165657179695,6,0.005,14,1
2.8026325939581596,15.503023864257903,6,0.005,14,1.5
2.7820524792064503,15.54970681525412,6,0.005,14,2
2.420826953793675,15.487958090645927,6,0.005,16,0.1
2.5352963046195254,15.752394781226204,6,0.005,16,0.5
2.600368022166592,15.667286464146205,6,0.005,16,1
2.6452824858836945,15.61847163098199,6,0.005,16,1.5
2.7114033819373096,15.64009179245858,6,0.005,16,2
2.410308021977622,15.909417372374307,6,0.005,18,0.1
2.4508082328910707,15.926529240040551,6,0.005,18,0.5
2.505198647672571,15.834339164552235,6,0.005,18,1
2.6200992733898225,15.863270961102986,6,0.005,18,1.5
2.6358296639285004,15.79273799203691,6,0.005,18,2
2.3595284575794273,15.904822914373307,6,0.005,20,0.1
2.3883720873282157,16.081553970064437,6,0.005,20,0.5
2.4622719292886375,16.137195831253415,6,0.005,20,1
2.5239881077775443,16.064567625522614,6,0.005,20,1.5
2.5827530932100538,15.994062122844515,6,0.005,20,2
2.758899720685339,15.496512500813143,6,0.01,12,0.1
2.8478850606989536,15.551892376017003,6,0.01,12,0.5
2.838744693938114,15.520784513936157,6,0.01,12,1
2.90572947746321,15.556590529070014,6,0.01,12,1.5
2.890604617217111,15.749394443773088,6,0.01,12,2
2.54167048863432,15.8472343200729,6,0.01,14,0.1
2.522389387357373,15.35389360217821,6,0.01,14,0.5
2.617018386267212,15.630527668056034,6,0.01,14,1
2.6827954896240955,15.490145707414264,6,0.01,14,1.5
2.816054248534041,15.613320763622012,6,0.01,14,2
2.472609775174178,15.654360842137109,6,0.01,16,0.1
2.4851741739377364,15.651550999709539,6,0.01,16,0.5
2.593037988735925,15.759197904950096,6,0.01,16,1
2.6659645768495515,15.791741505974816,6,0.01,16,1.5
2.723235648889271,15.847795120307378,6,0.01,16,2
2.4497801904046574,15.921924531459808,6,0.01,18,0.1
2.4238890571173055,15.68629153001876,6,0.01,18,0.5
2.5024259990447453,16.08989641212282,6,0.01,18,1
2.561384150407793,15.891600557735988,6,0.01,18,1.5
2.6210873032970006,15.800828039646149,6,0.01,18,2
2.3550051700178884,16.004700700441997,6,0.01,20,0.1
2.389168190905975,16.232451694352285,6,0.01,20,0.5
2.4612432700727767,16.118029534816742,6,0.01,20,1
2.5122005149769104,15.985425157206398,6,0.01,20,1.5
2.5352702718678586,16.18397528500784,6,0.01,20,2
2.494110196045395,15.44344875216484,6,0.05,12,0.1
2.622170002177185,15.382472662343865,6,0.05,12,0.5
2.6584964965545543,15.634944971828233,6,0.05,12,1
2.714714176020537,15.636847388575829,6,0.05,12,1.5
2.957414976429864,15.389074133975166,6,0.05,12,2
2.597223868944166,15.600427113828205,6,0.05,14,0.1
2.556397476782934,15.868275125821432,6,0.05,14,0.5
2.653487387766472,15.508937395754314,6,0.05,14,1
2.785198212422031,15.8838478071349,6,0.05,14,1.5
2.761664475050885,15.624248263381777,6,0.05,14,2
2.3921612829565375,15.508486861274356,6,0.05,16,0.1
2.435349943635341,15.781051225605465,6,0.05,16,0.5
2.5268842069633877,15.62358828385671,6,0.05,16,1
2.647328483068103,15.956723908583323,6,0.05,16,1.5
2.690707783468389,16.025104270094918,6,0.05,16,2
2.335107543365687,15.671448822532382,6,0.05,18,0.1
2.382570493860576,15.562886966126305,6,0.05,18,0.5
2.5042467523448475,15.564899975345249,6,0.05,18,1
2.5658901390843836,15.621650298436483,6,0.05,18,1.5
2.5953258809983164,15.971925602072762,6,0.05,18,2
2.272685539835259,15.958064590181623,6,0.05,20,0.1
2.3865098732628405,15.982758414177667,6,0.05,20,0.5
2.4189930489888076,16.160050261588324,6,0.05,20,1
2.468669310603859,16.050945154258184,6,0.05,20,1.5
2.5489334491023756,16.29882276909692,6,0.05,20,2
2.6540497175087814,15.012803184489409,6,0.1,12,0.1
2.527656631577529,15.120417650611628,6,0.1,12,0.5
2.710767202008786,15.680332623776936,6,0.1,12,1
2.701184576492831,15.49833672600133,6,0.1,12,1.5
2.724987416362662,15.317284436452956,6,0.1,12,2
2.3579138356929823,15.224766778094429,6,0.1,14,0.1
2.5607918710237296,15.851074775060018,6,0.1,14,0.5
2.628685948224474,15.645988390559243,6,0.1,14,1
2.746554741849408,15.515882147209984,6,0.1,14,1.5
2.7301872556267224,15.81698589807465,6,0.1,14,2
2.4345926614213815,15.704850439514432,6,0.1,16,0.1
2.455792843230014,15.810185754582996,6,0.1,16,0.5
2.520142377739073,15.682856471765609,6,0.1,16,1
2.666468372605702,15.864953140417734,6,0.1,16,1.5
2.7367598536638806,16.092420850481307,6,0.1,16,2
2.3628061361744077,15.646488615444728,6,0.1,18,0.1
2.3976883211346456,15.72939584510667,6,0.1,18,0.5
2.540452993254556,15.585756352969579,6,0.1,18,1
2.540578521263211,15.519118675163813,6,0.1,18,1.5
2.5629466473742863,15.669660837877364,6,0.1,18,2
2.3421241332053135,15.982242061978294,6,0.1,20,0.1
2.326433038360564,15.96508024420057,6,0.1,20,0.5
2.414826709013256,16.239740831511362,6,0.1,20,1
2.4167322104661624,15.74897331283206,6,0.1,20,1.5
2.579078354670046,16.000906376611617,6,0.1,20,2
2.272083810952685,17.229829537017004,6,0.5,12,0.1
2.4508049380265327,16.776420343489875,6,0.5,12,0.5
2.4798893275446448,16.987147564334528,6,0.5,12,1
2.488665655129966,16.170124782692817,6,0.5,12,1.5
2.60907245258929,16.72423614348684,6,0.5,12,2
2.2533434336744524,16.682731023856572,6,0.5,14,0.1
2.319572076687176,17.667804167384194,6,0.5,14,0.5
2.456545438550875,16.79752505978658,6,0.5,14,1
2.545466748697901,17.15394617120425,6,0.5,14,1.5
2.4994505597464545,17.119801475178626,6,0.5,14,2
2.279455314926043,17.826196426437015,6,0.5,16,0.1
2.3415042514179283,18.03073459012168,6,0.5,16,0.5
2.473050112478615,17.87153452067148,6,0.5,16,1
2.46148687933271,17.350347436609724,6,0.5,16,1.5
2.5482354898683406,17.087163231202535,6,0.5,16,2
2.2272615858934404,17.525759475571768,6,0.5,18,0.1
2.2692616652740414,16.530256867408752,6,0.5,18,0.5
2.316724287347964,17.105882508414133,6,0.5,18,1
2.442369227404349,17.183867102577572,6,0.5,18,1.5
2.4851314738220474,16.98924540338062,6,0.5,18,2
2.2381297987969013,18.001485410190764,6,0.5,20,0.1
2.290682547601365,17.691285221349624,6,0.5,20,0.5
2.3673055550528126,17.741843765690213,6,0.5,20,1
2.403473652374356,17.433749403272355,6,0.5,20,1.5
2.4541268634495297,17.763252825964067,6,0.5,20,2
